cve_id,severity,cvss_score,cwes,affected_asset_count,published
CVE-2018-25032,high,7.5,CWE-787,234,2022-03-25
CVE-2019-14462,critical,9.1,CWE-125,227,2019-07-31
CVE-2019-14463,critical,9.1,CWE-125,227,2019-07-31
CVE-2022-37434,critical,9.8,CWE-787;CWE-120,223,2022-08-05
CVE-2020-22283,high,7.5,CWE-120,196,2021-07-22
CVE-2023-43615,high,7.5,CWE-120,172,2023-10-07
CVE-2021-3712,high,7.4,CWE-125,136,2021-08-24
CVE-2023-52425,high,7.5,CWE-400,133,2024-02-04
CVE-2020-22284,high,7.5,CWE-120,132,2021-07-22
CVE-2022-4304,medium,5.9,CWE-203,127,2023-02-08
CVE-2022-22822,critical,9.8,CWE-190,126,2022-01-10
CVE-2022-23852,critical,9.8,CWE-190,126,2022-01-24
CVE-2022-25235,critical,9.8,CWE-116,126,2022-02-16
CVE-2021-3711,critical,9.8,CWE-120,117,2021-08-24
CVE-2019-8936,high,7.5,CWE-476,116,2019-05-15
CVE-2020-11868,high,7.5,CWE-346,116,2020-04-17
CVE-2016-9840,high,8.8,,115,2017-05-23
CVE-2016-9841,critical,9.8,,115,2017-05-23
CVE-2023-7104,high,7.3,CWE-122;CWE-119,114,2023-12-29
CVE-2022-25236,critical,9.8,CWE-668,112,2022-02-16
CVE-2022-25315,critical,9.8,CWE-190,112,2022-02-18
CVE-2020-11896,critical,10.0,CWE-119;CWE-787,110,2020-06-17
CVE-2020-11897,critical,10.0,CWE-787,110,2020-06-17
CVE-2020-11901,critical,9.0,CWE-125;CWE-131;CWE-330;CWE-787,110,2020-06-17
CVE-2023-26551,medium,5.6,CWE-787,110,2023-04-11
CVE-2018-20843,high,7.5,CWE-611,108,2019-06-24
CVE-2018-7182,high,7.5,CWE-125,108,2018-03-06
CVE-2018-7183,critical,9.8,CWE-787,108,2018-03-08
CVE-2018-7184,high,7.5,,108,2018-03-06
CVE-2019-15903,high,7.5,CWE-125;CWE-776,108,2019-09-04
CVE-2021-24116,medium,4.9,CWE-203,104,2021-07-14
CVE-2021-3336,high,8.1,CWE-295,104,2021-01-29
CVE-2020-11898,critical,9.1,CWE-119,101,2020-06-17
CVE-2020-11900,high,8.2,CWE-415,101,2020-06-17
CVE-2019-5482,critical,9.8,CWE-122;CWE-787,99,2019-09-16
CVE-2020-10932,medium,4.7,CWE-203;CWE-327,91,2020-04-15
CVE-2020-16150,medium,5.5,CWE-203,91,2020-09-02
CVE-2021-24119,medium,4.9,CWE-203,91,2021-07-14
CVE-2022-42905,critical,9.1,CWE-125,89,2022-11-07
CVE-2023-3724,high,8.8,CWE-20;CWE-295,89,2023-07-17
CVE-2020-1147,high,7.8,,88,2020-07-14
CVE-2022-35409,critical,9.1,CWE-125,86,2022-07-15
CVE-2023-21528,high,7.8,CWE-122,84,2023-02-14
CVE-2020-15862,high,7.8,CWE-269,80,2020-08-20
CVE-2021-23840,high,7.5,CWE-190,75,2021-02-16
CVE-2021-26701,high,8.1,,75,2021-02-25
CVE-2018-8740,high,7.5,CWE-476,74,2018-03-17
CVE-2019-8457,critical,9.8,CWE-125,74,2019-05-30
CVE-2020-11655,high,7.5,CWE-665,74,2020-04-09
CVE-2022-24805,high,8.8,CWE-120,74,2024-04-16
CVE-2023-45322,medium,6.5,CWE-416,74,2023-10-06
CVE-2020-13434,medium,5.5,CWE-190,73,2020-05-24
CVE-2020-13630,high,7.0,CWE-416,73,2020-05-27
CVE-2020-22288,unknown,,,73,
CVE-2021-20227,medium,5.5,CWE-416,73,2021-03-23
CVE-2023-5188,high,7.5,CWE-20,72,2023-12-05
CVE-2016-7055,medium,5.9,,71,2017-05-04
CVE-2017-3731,high,7.5,CWE-125,71,2017-05-04
CVE-2017-3732,medium,5.9,CWE-200,71,2017-05-04
CVE-2022-1292,high,7.3,CWE-78,65,2022-05-03
CVE-2022-2068,high,7.3,CWE-78,65,2022-06-21
CVE-2020-22285,unknown,,,64,
CVE-2020-22286,unknown,,,64,
CVE-2023-0215,high,7.5,CWE-416,62,2023-02-08
CVE-2023-0286,high,7.4,CWE-843,62,2023-02-08
CVE-2022-0778,high,7.5,CWE-835,61,2022-03-15
CVE-2023-4911,high,7.8,CWE-122;CWE-787,60,2023-10-03
CVE-2014-1912,high,7.5,CWE-119,59,2014-03-01
CVE-2020-28928,medium,5.5,CWE-787,59,2020-11-24
CVE-2023-46218,medium,6.5,CWE-178,58,2023-12-07
CVE-2024-2379,medium,6.3,CWE-295,58,2024-03-27
CVE-2021-40206,unknown,,,57,
CVE-2022-25761,high,7.5,CWE-770,57,2022-08-23
CVE-2020-1971,medium,5.9,CWE-476,56,2020-12-08
CVE-2021-3450,high,7.4,CWE-295,56,2021-03-25
CVE-2021-3517,high,8.6,CWE-787;CWE-125,55,2021-05-19
CVE-2021-3518,high,8.8,CWE-416,55,2021-05-18
CVE-2022-29824,medium,6.5,CWE-190,55,2022-05-03
CVE-2023-44487,high,7.5,CWE-400,55,2023-10-10
CVE-2022-22576,high,8.1,CWE-287;CWE-306,53,2022-05-26
CVE-2022-27774,medium,5.7,CWE-522,53,2022-06-02
CVE-2022-32221,critical,9.8,CWE-200;CWE-668,53,2022-12-05
CVE-2022-40303,high,7.5,CWE-190,53,2022-11-23
CVE-2022-40304,high,7.8,CWE-415,53,2022-11-23
CVE-2023-0809,medium,5.3,CWE-789;CWE-770,53,2023-10-02
CVE-2023-27533,high,8.8,CWE-75;CWE-74,53,2023-03-30
CVE-2023-27536,medium,5.9,CWE-305;CWE-287,53,2023-03-30
CVE-2023-28484,medium,6.5,CWE-476,53,2023-04-24
CVE-2023-38545,critical,9.8,CWE-787,53,2023-10-18
CVE-2016-8615,high,7.5,CWE-99;CWE-254,52,2018-08-01
CVE-2018-1000120,critical,9.8,CWE-787,52,2018-03-14
CVE-2019-15165,medium,5.3,CWE-770,50,2019-10-03
CVE-2023-31048,medium,5.3,CWE-209,50,2023-12-12
CVE-2018-8421,critical,9.8,CWE-20,49,2018-09-13
CVE-2019-0545,high,7.5,CWE-200,49,2019-01-08
CVE-2023-48795,medium,5.9,CWE-354,48,2023-12-18
CVE-2016-9318,medium,5.5,CWE-611,47,2016-11-16
CVE-2017-5969,medium,4.7,CWE-476,47,2017-04-11
CVE-2018-14567,medium,6.5,CWE-835,47,2018-08-16
CVE-2019-5481,critical,9.8,CWE-415,47,2019-09-16
CVE-2020-8177,high,7.8,CWE-99;CWE-74,47,2020-12-14
CVE-2022-46908,high,7.3,,46,2022-12-12
CVE-2024-6387,high,8.1,CWE-364;CWE-362,46,2024-07-01
CVE-2018-18065,medium,6.5,CWE-476,45,2018-10-08
CVE-2019-20892,medium,6.5,CWE-415,45,2020-06-25
CVE-2022-28391,high,8.8,CWE-88,43,2022-04-03
CVE-2022-29143,high,7.5,,43,2022-06-15
CVE-2022-0847,high,7.8,CWE-665,41,2022-03-10
CVE-2022-30767,critical,9.8,CWE-120,40,2022-05-16
CVE-2021-24112,high,8.1,,39,2021-02-25
CVE-2022-24809,medium,6.5,CWE-476,39,2024-04-16
CVE-2019-1068,high,8.8,,38,2019-07-15
CVE-2020-0618,high,8.8,CWE-502,38,2020-02-11
CVE-2020-25681,high,8.1,CWE-122,38,2021-01-20
CVE-2023-21808,high,7.8,CWE-416,36,2023-02-14
CVE-2020-15861,high,7.8,CWE-59,35,2020-08-20
CVE-2023-37559,medium,6.5,CWE-20,35,2023-08-03
CVE-2023-37560,medium,6.1,CWE-79,35,2023-07-13
CVE-2019-12255,critical,9.8,CWE-120,32,2019-08-09
CVE-2019-12256,critical,9.8,CWE-120,32,2019-08-09
CVE-2019-12257,high,8.8,CWE-120,32,2019-08-09
CVE-2019-12260,critical,9.8,CWE-120,32,2019-08-09
CVE-2021-34431,medium,6.5,CWE-401,32,2021-07-22
CVE-2021-41039,high,7.5,CWE-1050,32,2021-12-01
CVE-2022-22515,high,8.1,CWE-668,31,2022-04-07
CVE-2022-22517,high,7.5,CWE-334;CWE-330,31,2022-04-07
CVE-2022-31802,critical,9.8,CWE-187,31,2022-06-24
CVE-2019-17498,high,8.1,CWE-190,29,2019-10-21
CVE-2020-22218,high,7.5,CWE-787,29,2023-08-22
CVE-2021-30186,high,7.5,CWE-787,29,2021-05-25
CVE-2021-30188,critical,9.8,CWE-787,29,2021-05-25
CVE-2021-30189,critical,9.8,CWE-787,29,2021-05-25
CVE-2021-3999,high,7.8,CWE-193,28,2022-08-24
CVE-2020-11810,low,3.7,CWE-362,27,2020-04-27
CVE-2020-15078,high,7.5,CWE-305;CWE-306,27,2021-04-26
CVE-2022-41741,high,7.8,CWE-787,27,2022-10-19
CVE-2022-41742,high,7.1,CWE-787,27,2022-10-19
CVE-2018-15599,medium,5.3,CWE-200,26,2018-08-21
CVE-2018-16301,high,7.8,CWE-190;CWE-787;CWE-120,26,2019-10-03
CVE-2020-36254,high,8.1,,26,2021-02-25
CVE-2021-33909,high,7.8,CWE-190;CWE-787,26,2021-07-20
CVE-2021-42342,critical,9.8,CWE-434,26,2021-10-14
CVE-2022-0547,critical,9.8,CWE-305;CWE-287,26,2022-03-18
CVE-2023-32233,high,7.8,CWE-416,26,2023-05-08
CVE-2023-46849,high,7.5,CWE-369,26,2023-11-11
CVE-2023-46850,critical,9.8,CWE-416,26,2023-11-11
CVE-2024-1086,high,7.8,CWE-416,26,2024-01-31
CVE-2019-11477,high,7.5,CWE-190,25,2019-06-19
CVE-2019-12258,high,7.5,CWE-384,25,2019-08-09
CVE-2019-12259,high,7.5,CWE-476,25,2019-08-09
CVE-2019-12262,critical,9.8,,25,2019-08-14
CVE-2019-3855,high,8.8,CWE-190;CWE-787,25,2019-03-21
CVE-2019-3856,high,8.8,CWE-190;CWE-787,25,2019-03-25
CVE-2019-3858,critical,9.1,CWE-125,25,2019-03-21
CVE-2022-22707,medium,5.9,CWE-787,24,2022-01-06
CVE-2023-38408,critical,9.8,CWE-428,24,2023-07-20
CVE-2023-52160,medium,6.5,CWE-287,24,2024-02-22
CVE-2023-7256,medium,4.4,CWE-415,24,2024-08-31
CVE-2017-17562,high,8.1,,23,2017-12-12
CVE-2019-5096,critical,9.8,CWE-416,23,2019-12-03
CVE-2019-5097,high,7.5,CWE-835,23,2019-12-03
CVE-2021-35942,critical,9.1,CWE-190;CWE-704,23,2021-07-22
CVE-2024-2961,high,7.3,CWE-787,23,2024-04-17
CVE-2017-14491,critical,9.8,CWE-787,21,2017-10-04
CVE-2017-14492,critical,9.8,CWE-119,21,2017-10-03
CVE-2019-11779,medium,6.5,CWE-754;CWE-674,21,2019-09-19
CVE-2020-10648,high,7.8,CWE-20,21,2020-03-19
CVE-2021-27097,high,7.8,,21,2021-02-17
CVE-2021-27803,high,7.5,,21,2021-02-26
CVE-2021-28166,medium,6.5,CWE-476,21,2021-04-07
CVE-2021-30004,medium,5.3,CWE-20,21,2021-04-02
CVE-2022-23303,critical,9.8,CWE-203,21,2022-01-17
CVE-2023-3592,high,7.5,CWE-401,21,2023-10-02
CVE-2023-3663,high,8.8,CWE-940,21,2023-08-03
CVE-2023-3665,high,7.8,CWE-74;CWE-94,21,2023-10-04
CVE-2022-0934,high,7.5,CWE-416,20,2022-08-29
CVE-2023-28450,high,7.5,,20,2023-03-15
CVE-2022-33967,high,7.8,CWE-787,19,2022-07-20
CVE-2016-7406,critical,9.8,CWE-20,18,2017-03-03
CVE-2016-7407,critical,9.8,CWE-20,18,2017-03-03
CVE-2016-7408,high,8.8,CWE-284,18,2017-03-03
CVE-2017-13077,medium,6.8,CWE-330,18,2017-10-17
CVE-2017-13078,medium,5.3,CWE-323;CWE-330,18,2017-10-17
CVE-2018-14526,medium,6.5,CWE-924,18,2018-08-08
CVE-2020-25684,low,3.7,CWE-358,17,2021-01-20
CVE-2021-3448,medium,4.0,CWE-358,17,2021-04-08
CVE-2018-19052,high,7.5,CWE-22,16,2018-11-07
CVE-2019-11072,critical,9.8,CWE-190,16,2019-04-10
CVE-2021-36369,high,7.5,CWE-287,16,2022-10-12
CVE-2016-10708,high,7.5,CWE-476,15,2018-01-21
CVE-2018-15473,medium,5.3,CWE-362,15,2018-08-17
CVE-2019-11059,critical,9.8,CWE-119,15,2019-05-10
CVE-2019-13103,high,7.1,CWE-674,15,2019-07-29
CVE-2019-13106,high,7.8,CWE-787,15,2019-08-06
CVE-2019-6111,medium,5.9,CWE-22,15,2019-01-31
CVE-2015-7547,high,8.1,CWE-119,14,2016-02-18
CVE-2018-11236,critical,9.8,CWE-190;CWE-787,14,2018-05-18
CVE-2020-15778,high,7.4,CWE-78,14,2020-07-24
CVE-2021-33574,critical,9.8,CWE-416,14,2021-05-25
CVE-2021-41617,high,7.0,,14,2021-09-26
CVE-2019-20372,medium,5.3,CWE-444,13,2020-01-09
CVE-2019-9511,high,7.5,CWE-400;CWE-770,13,2019-08-13
CVE-2019-9513,high,7.5,CWE-400,13,2019-08-13
CVE-2021-42374,medium,5.3,CWE-125,13,2021-11-15
CVE-2021-42378,high,7.2,CWE-416,13,2021-11-15
CVE-2021-42379,high,7.2,CWE-416,13,2021-11-15
CVE-2021-42380,high,7.2,CWE-416,13,2021-11-15
CVE-2021-42386,high,7.2,CWE-416,13,2021-11-15
CVE-2021-23017,high,7.7,CWE-193,12,2021-06-01
CVE-2017-1000112,high,7.0,CWE-362,11,2017-10-05
CVE-2018-5333,medium,5.5,CWE-476,11,2018-01-11
CVE-2021-42375,medium,5.5,CWE-159,11,2021-11-15
CVE-2021-42376,medium,5.5,CWE-476,11,2021-11-15
CVE-2016-2147,high,7.5,CWE-190,10,2017-02-09
CVE-2017-16544,high,8.8,CWE-94,10,2017-11-20
CVE-2018-1000500,high,8.1,CWE-295,10,2018-06-26
CVE-2022-42003,high,7.5,CWE-502,5,2022-10-02
CVE-2022-42004,high,7.5,CWE-502,5,2022-10-02
CVE-2020-36518,high,7.5,CWE-787,4,2022-03-11
CVE-2019-2602,high,7.5,CWE-400,3,2019-04-23
CVE-2019-2699,critical,9.0,,3,2019-04-23
CVE-2020-2803,high,8.3,,3,2020-04-15
CVE-2021-31571,critical,9.8,CWE-190,3,2021-04-22
CVE-2021-31572,critical,9.8,CWE-190,3,2021-04-22
CVE-2022-22965,critical,9.8,CWE-94,3,2022-04-01
CVE-2022-22968,medium,5.3,CWE-178,3,2022-04-14
CVE-2022-22970,medium,5.3,CWE-770,3,2022-05-12
CVE-2022-42252,high,7.5,CWE-444,3,2022-11-01
CVE-2023-20860,high,7.5,,3,2023-03-27
CVE-2023-20861,medium,6.5,CWE-400,3,2023-03-23
CVE-2023-28708,medium,4.3,CWE-523,3,2023-03-22
CVE-2021-25122,high,7.5,CWE-200,2,2021-03-01
CVE-2021-30640,medium,6.5,CWE-116,2,2021-07-12
CVE-2021-32020,critical,9.8,CWE-119,2,2021-05-03
CVE-2021-41079,high,7.5,CWE-20;CWE-835,2,2021-09-16
CVE-2021-43997,high,7.8,,2,2021-11-17
CVE-2021-45046,critical,9.0,CWE-917,2,2021-12-14
CVE-2021-45105,medium,5.9,CWE-20;CWE-674,2,2021-12-18
CVE-2022-21426,medium,5.3,,2,2022-04-19
CVE-2022-21449,high,7.5,,2,2022-04-19
CVE-2022-21496,medium,5.3,,2,2022-04-19
CVE-2019-20330,critical,9.8,CWE-502,1,2020-01-03
CVE-2020-8840,critical,9.8,CWE-502,1,2020-02-10
CVE-2021-44228,critical,10.0,CWE-20;CWE-400;CWE-502;CWE-917,1,2021-12-10
CVE-2023-34035,medium,5.3,CWE-863,1,2023-07-18
