cve,component,language,cwe,cvss_v3_score,severity,kev,epss,device_category,device_types,vendors,products,source_advisories,verify_status,verify_repo,verify_build,has_trigger,nvd_published,nvd_description
CVE-2015-7547,glibc,C/C++,,,,False,0.89557,shared-oss-component,,Siemens,Industrial Products glibc Library Vulnerability (Update C),icsa-16-103-01c,verifiable-c,https://sourceware.org/git/glibc.git,glibc,False,2016-02-18,Multiple stack-based buffer overflows in the (1) send_dg and (2) send_vc functions in the libresolv library in the GNU C Library (aka glibc or libc6) before 2.23 allow remote attackers to cause a denial of service (crash) or possibly execute arbitrary code via a crafted DNS response that triggers a 
CVE-2016-9318,libxml2,C/C++,CWE-611,5.5,medium,False,0.02938,device-attributed,PLC/Controller,Siemens,SIMATIC S7-1500 CPU 1518(F)-4 PN/DP MFP V3.1,icsa-23-348-10,verifiable-c,https://github.com/GNOME/libxml2.git,autogen,False,2016-11-16,"libxml2 2.9.4 and earlier, as used in XMLSec 1.2.23 and earlier and other products, does not offer a flag directly indicating that the current document may be read but other files may not be opened, which makes it easier for remote attackers to conduct XML External Entity (XXE) attacks via a crafted"
CVE-2016-9840,zlib,C/C++,,,,False,0.04793,device-attributed,EWS/APM/Software,Siemens,CADRA,icsa-26-202-06,verifiable-c,https://github.com/madler/zlib.git,configure_static,False,2017-05-23,inftrees.c in zlib 1.2.8 might allow context-dependent attackers to have unspecified impact by leveraging improper pointer arithmetic.
CVE-2016-9841,zlib,C/C++,,,,False,0.0755,device-attributed,EWS/APM/Software,Siemens,CADRA,icsa-26-202-06,verifiable-c,https://github.com/madler/zlib.git,configure_static,False,2017-05-23,inffast.c in zlib 1.2.8 might allow context-dependent attackers to have unspecified impact by leveraging improper pointer arithmetic.
CVE-2017-13077,wpa-supplicant,C/C++,CWE-254,,,False,0.02388,device-attributed,Drive/Motion;Network;Sensor/Field/RFID/RTLS,ABB;PEPPERL+FUCHS/ecom;Phoenix Contact;Siemens,"SCALANCE, SIMATIC, RUGGEDCOM, and SINAMICS Products (Update E);TropOS (Update A);WLAN Capable Devices using the WPA2 Protocol;instruments WLAN Capable Devices using the WPA2 Protocol",icsa-17-318-01;icsa-17-318-02a;icsa-17-325-01;icsa-17-353-02,verifiable-c,https://w1.fi/hostap.git,make_plain,False,2017-10-17,"Wi-Fi Protected Access (WPA and WPA2) allows reinstallation of the Pairwise Transient Key (PTK) Temporal Key (TK) during the four-way handshake, allowing an attacker within radio range to replay, decrypt, or spoof frames."
CVE-2017-13078,wpa-supplicant,C/C++,CWE-254,,,False,0.0207,device-attributed,Drive/Motion;Network;Sensor/Field/RFID/RTLS,ABB;PEPPERL+FUCHS/ecom;Phoenix Contact;Siemens,"SCALANCE, SIMATIC, RUGGEDCOM, and SINAMICS Products (Update E);TropOS (Update A);WLAN Capable Devices using the WPA2 Protocol;instruments WLAN Capable Devices using the WPA2 Protocol",icsa-17-318-01;icsa-17-318-02a;icsa-17-325-01;icsa-17-353-02,verifiable-c,https://w1.fi/hostap.git,make_plain,False,2017-10-17,"Wi-Fi Protected Access (WPA and WPA2) allows reinstallation of the Group Temporal Key (GTK) during the four-way handshake, allowing an attacker within radio range to replay frames from access points to clients."
CVE-2017-14491,dnsmasq,C/C++,CWE-119,8.1,high,False,0.84925,device-attributed,Network,Siemens,"SCALANCE W1750D, M800, S615, and RUGGEDCOM RM1224 (Update C);SIMATIC",icsa-17-332-01;icsa-24-074-07,verifiable-c,https://thekelleys.org.uk/git/dnsmasq.git,make_plain,False,2017-10-04,Heap-based buffer overflow in dnsmasq before 2.78 allows remote attackers to cause a denial of service (crash) or execute arbitrary code via a crafted DNS response.
CVE-2017-16544,busybox,C/C++,CWE-1104,,,False,0.0624,device-attributed,Network,Red Lion,"N-Tron 702-W, 702M12-W",icsa-20-240-01,verifiable-c,https://git.busybox.net/busybox,make_defconfig,False,2017-11-20,"In the add_match function in libbb/lineedit.c in BusyBox through 1.27.2, the tab autocomplete feature of the shell, used to get a list of filenames in a directory, does not sanitize filenames and results in executing any escape sequence in the terminal. This could potentially result in code executio"
CVE-2017-17562,goahead,C/C++,CWE-20,,,True,0.96327,device-attributed,Network,GE,MDS Radios,icsa-22-090-06,verifiable-c,https://github.com/embedthis/goahead.git,make_plain,False,2017-12-12,Embedthis GoAhead before 3.6.5 allows remote code execution if CGI is enabled and a CGI program is dynamically linked. This is a result of initializing the environment of forked CGI scripts using untrusted HTTP request parameters in the cgiHandler function in cgi.c. When combined with the glibc dyna
CVE-2018-14526,wpa-supplicant,C/C++,CWE-924,,,False,0.01476,device-attributed,Network,Siemens,SCALANCE W700 and W1700,icsa-19-344-01,verifiable-c,https://w1.fi/hostap.git,make_plain,False,2018-08-08,"An issue was discovered in rsn_supp/wpa.c in wpa_supplicant 2.0 through 2.6. Under certain conditions, the integrity of EAPOL-Key messages is not checked, leading to a decryption oracle. An attacker within range of the Access Point and client can abuse the vulnerability to recover sensitive informat"
CVE-2018-14567,libxml2,C/C++,CWE-835,6.5,medium,False,0.043,device-attributed,PLC/Controller,Siemens,SIMATIC S7-1500 CPU 1518(F)-4 PN/DP MFP V3.1,icsa-23-348-10,verifiable-c,https://github.com/GNOME/libxml2.git,autogen,False,2018-08-16,"libxml2 2.9.8, if --with-lzma is used, allows remote attackers to cause a denial of service (infinite loop) via a crafted XML file that triggers LZMA_MEMLIMIT_ERROR, as demonstrated by xmllint, a different vulnerability than CVE-2015-8035 and CVE-2018-9251."
CVE-2018-15473,openssh,C/C++,CWE-362,5.3,medium,False,0.98631,device-attributed,Network,Siemens,SCALANCE X-200RNA Switch Devices,icsa-22-349-21,verifiable-c,https://github.com/openbsd/src.git,autoreconf,False,2018-08-17,"OpenSSH through 7.7 is prone to a user enumeration vulnerability due to not delaying bailout for an invalid authenticating user until after the packet containing the request has been fully parsed, related to auth2-gss.c, auth2-hostbased.c, and auth2-pubkey.c."
CVE-2018-18065,net-snmp,C/C++,CWE-476,,,False,0.17189,shared-oss-component,,Siemens,Industrial Products SNMP (Update F),icsa-20-042-02,verifiable-c,https://github.com/net-snmp/net-snmp.git,configure_static,False,2018-10-08,"_set_key in agent/helpers/table_container.c in Net-SNMP before 5.8 has a NULL Pointer Exception bug that can be used by an authenticated attacker to remotely cause the instance to crash via a crafted UDP packet, resulting in Denial of Service."
CVE-2018-20843,expat,C/C++,CWE-611,7.5,high,False,0.07107,device-attributed,PLC/Controller,Siemens,SIMATIC S7-1500 CPU 1518(F)-4 PN/DP MFP V3.1,icsa-23-348-10,verifiable-c,https://github.com/libexpat/libexpat.git,cmake,False,2019-06-24,"In libexpat in Expat before 2.2.7, XML input including XML names that contain a large number of colons could make the XML parser consume a high amount of RAM and CPU resources while processing (enough to be usable for denial-of-service attacks)."
CVE-2018-25032,zlib,C/C++,CWE-787,7.5,high,False,0.51733,device-attributed,Drive/Motion;EWS/APM/Software;Network;PLC/Controller,Siemens,"CADRA;SCALANCE Third-Party;SCALANCE, RUGGEDCOM Third-Party;SIMATIC S7-1500 CPU 1518(F)-4 PN/DP MFP V3.1;SINAMICS Medium Voltage Products",icsa-23-075-01;icsa-23-080-07;icsa-23-166-12;icsa-23-348-10;icsa-26-202-06,verifiable-c,https://github.com/madler/zlib.git,configure_static,True,2022-03-25,"zlib before 1.2.12 allows memory corruption when deflating (i.e., when compressing) if the input has many distant matches."
CVE-2018-8740,sqlite,C (SQL engine),,,,False,0.08115,device-attributed,EWS/APM/Software,ABB,B&amp;R Automation Studio,icsa-26-141-03,verifiable-c,https://github.com/sqlite/sqlite.git,configure_static,False,2018-03-17,"In SQLite through 3.22.0, databases whose schema is corrupted using a CREATE TABLE AS statement could cause a NULL pointer dereference, related to build.c and prepare.c."
CVE-2019-11477,linux-kernel,C/C++,CWE-190,,,False,0.98745,device-attributed,Network,Hitachi;Siemens,Energy AFF66x;Industrial Products (Update R),icsa-19-253-03;icsa-23-234-01,blocked-scope,,,False,2019-06-19,"Jonathan Looney discovered that the TCP_SKB_CB(skb)->tcp_gso_segs value was subject to an integer overflow in the Linux kernel when handling TCP Selective Acknowledgments (SACKs). A remote attacker could use this to cause a denial of service. This has been fixed in stable kernel releases 4.4.182, 4."
CVE-2019-12255,ipnet,C/C++,CWE-120,9.8,critical,False,0.7525,device-attributed,IED/Protection Relay,Interpeak;Siemens;Wind River,IPnet TCP/IP Stack (Update E);SIPROTEC 4 7SJ66;VxWorks (Update A),icsa-19-211-01;icsa-19-274-01;icsa-23-320-10,blocked-proprietary,,,False,2019-08-09,Wind River VxWorks has a Buffer Overflow in the TCP component (issue 1 of 4). This is a IPNET security vulnerability: TCP Urgent Pointer = 0 that leads to an integer underflow.
CVE-2019-12256,ipnet,C/C++,CWE-121,9.8,critical,False,0.26629,device-attributed,IED/Protection Relay,Interpeak;Siemens;Wind River,IPnet TCP/IP Stack (Update E);SIPROTEC 4 7SJ66;VxWorks (Update A),icsa-19-211-01;icsa-19-274-01;icsa-23-320-10,blocked-proprietary,,,False,2019-08-09,Wind River VxWorks 6.9 and vx7 has a Buffer Overflow in the IPv4 component. There is an IPNET security vulnerability: Stack overflow in the parsing of IPv4 packets’ IP options.
CVE-2019-12257,ipnet,C/C++,CWE-122,8.8,high,False,0.84177,shared-oss-component,,Interpeak;Wind River,IPnet TCP/IP Stack (Update E);VxWorks (Update A),icsa-19-211-01;icsa-19-274-01,blocked-proprietary,,,False,2019-08-09,Wind River VxWorks 6.6 through 6.9 has a Buffer Overflow in the DHCP client component. There is an IPNET security vulnerability: Heap overflow in DHCP Offer/ACK parsing inside ipdhcpc.
CVE-2019-12258,ipnet,C/C++,CWE-88,7.5,high,False,0.23354,device-attributed,IED/Protection Relay,Interpeak;Siemens;Wind River,IPnet TCP/IP Stack (Update E);SIPROTEC 4 7SJ66;VxWorks (Update A),icsa-19-211-01;icsa-19-274-01;icsa-23-320-10,blocked-proprietary,,,False,2019-08-09,Wind River VxWorks 6.6 through vx7 has Session Fixation in the TCP component. This is a IPNET security vulnerability: DoS of TCP connection via malformed TCP options.
CVE-2019-12259,ipnet,C/C++,CWE-476,7.5,high,False,0.15882,device-attributed,IED/Protection Relay,Interpeak;Siemens;Wind River,IPnet TCP/IP Stack (Update E);SIPROTEC 4 7SJ66;VxWorks (Update A),icsa-19-211-01;icsa-19-274-01;icsa-23-320-10,blocked-proprietary,,,False,2019-08-09,"Wind River VxWorks 6.6, 6.7, 6.8, 6.9 and vx7 has an array index error in the IGMPv3 client component. There is an IPNET security vulnerability: DoS via NULL dereference in IGMP parsing."
CVE-2019-12260,ipnet,C/C++,CWE-119,9.8,critical,False,0.22844,device-attributed,IED/Protection Relay,Interpeak;Siemens;Wind River,IPnet TCP/IP Stack (Update E);SIPROTEC 4 7SJ66;VxWorks (Update A),icsa-19-211-01;icsa-19-274-01;icsa-23-320-10,blocked-proprietary,,,False,2019-08-09,Wind River VxWorks 6.9 and vx7 has a Buffer Overflow in the TCP component (issue 2 of 4). This is an IPNET security vulnerability: TCP Urgent Pointer state confusion caused by a malformed TCP AO option.
CVE-2019-12262,ipnet,C/C++,CWE-88,9.8,critical,False,0.04116,device-attributed,IED/Protection Relay,Interpeak;Siemens;Wind River,IPnet TCP/IP Stack (Update E);SIPROTEC 4 7SJ66;VxWorks (Update A),icsa-19-211-01;icsa-19-274-01;icsa-23-320-10,blocked-proprietary,,,False,2019-08-14,"Wind River VxWorks 6.6, 6.7, 6.8, 6.9 and 7 has Incorrect Access Control in the RARP client component. IPNET security vulnerability: Handling of unsolicited Reverse ARP replies (Logical Flaw)."
CVE-2019-13103,u-boot,C/C++,CWE-399,,,False,0.0043,device-attributed,Network,Siemens,RUGGEDCOM ROS (Update A);Ruggedcom Rox,icsa-19-344-03;icsa-26-134-16,verifiable-c,https://github.com/u-boot/u-boot.git,make_defconfig,False,2019-07-29,"A crafted self-referential DOS partition table will cause all Das U-Boot versions through 2019.07-rc4 to infinitely recurse, causing the stack to grow infinitely and eventually either crash or overwrite other data."
CVE-2019-13106,u-boot,C/C++,,,,False,0.01756,device-attributed,Network,Siemens,Ruggedcom Rox,icsa-26-134-16,verifiable-c,https://github.com/u-boot/u-boot.git,make_defconfig,False,2019-08-06,"Das U-Boot versions 2016.09 through 2019.07-rc4 can memset() too much data while reading a crafted ext4 filesystem, which results in a stack buffer overflow and likely code execution."
CVE-2019-15903,expat,C/C++,CWE-125,7.5,high,False,0.06643,device-attributed,PLC/Controller,Siemens,SIMATIC S7-1500 CPU 1518(F)-4 PN/DP MFP V3.1,icsa-23-348-10,verifiable-c,https://github.com/libexpat/libexpat.git,cmake,False,2019-09-04,"In libexpat before 2.2.8, crafted XML input could fool the parser into changing from DTD parsing to document parsing too early; a consecutive call to XML_GetCurrentLineNumber (or XML_GetCurrentColumnNumber) then resulted in a heap-based buffer over-read."
CVE-2019-17498,libssh2,C/C++,CWE-190,8.1,high,False,0.03793,device-attributed,PLC/Controller,Siemens,SIMATIC S7-1500 CPU 1518(F)-4 PN/DP MFP V3.1,icsa-23-348-10,verifiable-c,https://github.com/libssh2/libssh2.git,cmake,False,2019-10-21,"In libssh2 v1.9.0 and earlier versions, the SSH_MSG_DISCONNECT logic in packet.c has an integer overflow in a bounds check, enabling an attacker to specify an arbitrary (out-of-bounds) offset for a subsequent memory read. A crafted SSH server may be able to disclose sensitive information or cause a "
CVE-2019-3855,libssh2,C/C++,CWE-787,8.8,high,False,0.09219,device-attributed,PLC/Controller,Siemens,SIMATIC S7-1500 CPU 1518(F)-4 PN/DP MFP V3.1,icsa-23-348-10,verifiable-c,https://github.com/libssh2/libssh2.git,cmake,False,2019-03-21,An integer overflow flaw which could lead to an out of bounds write was discovered in libssh2 before 1.8.1 in the way packets are read from the server. A remote attacker who compromises a SSH server may be able to execute code on the client system when a user connects to the server.
CVE-2019-3856,libssh2,C/C++,CWE-787,8.8,high,False,0.06131,device-attributed,PLC/Controller,Siemens,SIMATIC S7-1500 CPU 1518(F)-4 PN/DP MFP V3.1,icsa-23-348-10,verifiable-c,https://github.com/libssh2/libssh2.git,cmake,False,2019-03-25,"An integer overflow flaw, which could lead to an out of bounds write, was discovered in libssh2 before 1.8.1 in the way keyboard prompt requests are parsed. A remote attacker who compromises a SSH server may be able to execute code on the client system when a user connects to the server."
CVE-2019-3858,libssh2,C/C++,CWE-125,9.1,critical,False,0.06448,device-attributed,PLC/Controller,Siemens,SIMATIC S7-1500 CPU 1518(F)-4 PN/DP MFP V3.1,icsa-23-348-10,verifiable-c,https://github.com/libssh2/libssh2.git,cmake,False,2019-03-21,An out of bounds read flaw was discovered in libssh2 before 1.8.1 when a specially crafted SFTP packet is received from the server. A remote attacker who compromises a SSH server may be able to cause a Denial of Service or read data in the client memory.
CVE-2019-5096,goahead,C/C++,CWE-416,,,False,0.66982,shared-oss-component,,Rockwell Automation,products using GoAhead Web Server,icsa-23-026-06,verifiable-c,https://github.com/embedthis/goahead.git,make_plain,False,2019-12-03,"An exploitable code execution vulnerability exists in the processing of multi-part/form-data requests within the base GoAhead web server application in versions v5.0.1, v.4.1.1 and v3.6.5. A specially crafted HTTP request can lead to a use-after-free condition during the processing of this request t"
CVE-2019-5097,goahead,C/C++,CWE-835,,,False,0.45063,shared-oss-component,,Hitachi Energy;Rockwell Automation,MSM (Update A);products using GoAhead Web Server,icsa-23-026-06;icsa-24-319-16,verifiable-c,https://github.com/embedthis/goahead.git,make_plain,False,2019-12-03,"A denial-of-service vulnerability exists in the processing of multi-part/form-data requests in the base GoAhead web server application in versions v5.0.1, v.4.1.1 and v3.6.5. A specially crafted HTTP request can lead to an infinite loop in the process. The request can be unauthenticated in the form "
CVE-2019-5481,libcurl,C/C++,CWE-415,9.8,critical,False,0.07266,device-attributed,PLC/Controller,Siemens,SIMATIC S7-1500 CPU 1518(F)-4 PN/DP MFP V3.1,icsa-23-348-10,verifiable-c,https://github.com/curl/curl.git,autogen,False,2019-09-16,Double-free vulnerability in the FTP-kerberos code in cURL 7.52.0 to 7.65.3.
CVE-2019-5482,libcurl,C/C++,CWE-787,9.8,critical,False,0.17939,device-attributed,PLC/Controller,Siemens,SIMATIC S7-1500 CPU 1518(F)-4 PN/DP MFP V3.1,icsa-23-348-10,verifiable-c,https://github.com/curl/curl.git,autogen,False,2019-09-16,Heap buffer overflow in the TFTP protocol handler in cURL 7.19.4 to 7.65.3.
CVE-2019-6111,openssh,C/C++,CWE-22,5.9,medium,False,0.58204,device-attributed,Network;PLC/Controller,Siemens,SCALANCE X-200RNA Switch Devices;SIMATIC S7-1500 CPU 1518(F)-4 PN/DP MFP V3.1,icsa-22-349-21;icsa-23-348-10,verifiable-c,https://github.com/openssh/openssh-portable.git,autoreconf,False,2019-01-31,"An issue was discovered in OpenSSH 7.9. Due to the scp implementation being derived from 1983 rcp, the server chooses which files/directories are sent to the client. However, the scp client only performs cursory validation of the object name returned (only directory traversal attacks are prevented)."
CVE-2019-8457,sqlite,C (SQL engine),CWE-125,9.8,critical,False,0.45426,device-attributed,EWS/APM/Software;PLC/Controller,ABB;Siemens,B&amp;R Automation Studio;SIMATIC S7-1500 CPU 1518(F)-4 PN/DP MFP V3.1,icsa-23-348-10;icsa-26-141-03,verifiable-c,https://github.com/sqlite/sqlite.git,configure_static,False,2019-05-30,SQLite3 from 3.6.0 to and including 3.27.2 is vulnerable to heap out-of-bound read in the rtreenode() function when handling invalid rtree tables.
CVE-2020-10648,u-boot,C/C++,,,,False,0.01395,device-attributed,Network,Siemens,Ruggedcom Rox,icsa-26-134-16,verifiable-c,https://github.com/u-boot/u-boot.git,make_defconfig,False,2020-03-19,Das U-Boot through 2020.01 allows attackers to bypass verified boot restrictions and subsequently boot arbitrary images by providing a crafted FIT image to a system configured to boot the default configuration.
CVE-2020-11655,sqlite,C (SQL engine),CWE-665,7.5,high,False,0.0434,device-attributed,EWS/APM/Software;Network;PLC/Controller,ABB;Siemens,B&amp;R Automation Studio;SIMATIC S7-1500 CPU 1518(F)-4 PN/DP MFP V3.1;SINEC INS,icsa-22-069-09;icsa-23-348-10;icsa-26-141-03,verifiable-c,https://github.com/sqlite/sqlite.git,configure_static,False,2020-04-09,SQLite through 3.31.1 allows attackers to cause a denial of service (segmentation fault) via a malformed window-function query because the AggInfo object's initialization is mishandled.
CVE-2020-11868,ntp,C/C++,CWE-346,,,False,0.02081,device-attributed,Network,Hitachi,Energy AFF66x,icsa-23-234-01,verifiable-c,https://github.com/ntp-project/ntp.git,configure_static,False,2020-04-17,"ntpd in ntp before 4.2.8p14 and 4.3.x before 4.3.100 allows an off-path attacker to block unauthenticated synchronization via a server mode packet with a spoofed source IP address, because transmissions are rescheduled even when a packet lacks a valid origin timestamp."
CVE-2020-11896,treck-tcpip,C/C++,CWE-130,7.5,high,False,0.36852,device-attributed,Network;Sensor/Field/RFID/RTLS,Siemens;Treck,SIMATIC RTLS Gateways;TCP/IP Stack (Update I),icsa-20-168-01;icsa-24-046-03,blocked-proprietary,,,False,2020-06-17,"The Treck TCP/IP stack before 6.0.1.66 allows Remote Code Execution, related to IPv4 tunneling."
CVE-2020-11897,treck-tcpip,C/C++,CWE-130,,,False,0.09141,shared-oss-component,,Treck,TCP/IP Stack (Update I),icsa-20-168-01,blocked-proprietary,,,False,2020-06-17,The Treck TCP/IP stack before 5.0.1.35 has an Out-of-Bounds Write via multiple malformed IPv6 packets.
CVE-2020-11898,treck-tcpip,C/C++,CWE-130,,,False,0.18874,shared-oss-component,,Treck,TCP/IP Stack (Update I),icsa-20-168-01,blocked-proprietary,,,False,2020-06-17,"The Treck TCP/IP stack before 6.0.1.66 improperly handles an IPv4/ICMPv4 Length Parameter Inconsistency, which might allow remote attackers to trigger an information leak."
CVE-2020-11900,treck-tcpip,C/C++,CWE-415,,,False,0.13195,shared-oss-component,,Treck,TCP/IP Stack (Update I),icsa-20-168-01,blocked-proprietary,,,False,2020-06-17,The Treck TCP/IP stack before 6.0.1.41 has an IPv4 tunneling Double Free.
CVE-2020-11901,treck-tcpip,C/C++,CWE-20,,,False,0.21115,shared-oss-component,,Treck,TCP/IP Stack (Update I),icsa-20-168-01,blocked-proprietary,,,False,2020-06-17,The Treck TCP/IP stack before 6.0.1.66 allows Remote Code execution via a single invalid DNS response.
CVE-2020-13434,sqlite,C (SQL engine),CWE-190,5.5,medium,False,0.00973,device-attributed,EWS/APM/Software;PLC/Controller,ABB;Siemens,B&amp;R Automation Studio;SIMATIC S7-1500 CPU 1518(F)-4 PN/DP MFP V3.1,icsa-23-348-10;icsa-26-141-03,verifiable-c,https://github.com/sqlite/sqlite.git,configure_static,False,2020-05-24,SQLite through 3.32.0 has an integer overflow in sqlite3_str_vappendf in printf.c.
CVE-2020-13630,sqlite,C (SQL engine),CWE-416,7.0,high,False,0.0103,device-attributed,EWS/APM/Software;Network;PLC/Controller,ABB;Siemens,B&amp;R Automation Studio;SIMATIC S7-1500 CPU 1518(F)-4 PN/DP MFP V3.1;SINEC INS,icsa-22-069-09;icsa-23-348-10;icsa-26-141-03,verifiable-c,https://github.com/sqlite/sqlite.git,configure_static,False,2020-05-27,"ext/fts3/fts3.c in SQLite before 3.32.0 has a use-after-free in fts3EvalNextRow, related to the snippet feature."
CVE-2020-15778,openssh,C/C++,CWE-78,7.8,high,False,0.12996,device-attributed,PLC/Controller,Siemens,SIMATIC S7-1500 CPU 1518(F)-4 PN/DP MFP V3.1,icsa-23-348-10,verifiable-c,https://github.com/openssh/openssh-portable.git,autoreconf,False,2020-07-24,"scp in OpenSSH through 8.3p1 allows command injection in the scp.c toremote function, as demonstrated by backtick characters in the destination argument. NOTE: the vendor reportedly has stated that they intentionally omit validation of ""anomalous argument transfers"" because that could ""stand a great"
CVE-2020-1971,openssl,C/C++,,5.9,medium,False,0.06968,device-attributed,EWS/APM/Software;Network,Hitachi Energy;Siemens,APM Edge (Update A);SIDIS Prime;SINEC INS,icsa-21-336-06;icsa-22-069-09;icsa-24-046-02,verifiable-c,https://github.com/openssl/openssl.git,openssl,False,2020-12-08,The X.509 GeneralName type is a generic type for representing different types of names. One of those name types is known as EDIPartyName. OpenSSL provides a function GENERAL_NAME_cmp which compares different instances of a GENERAL_NAME to see if they are equal or not. This function behaves incorrect
CVE-2020-22218,libssh2,C/C++,CWE-787,7.5,high,False,0.00914,device-attributed,Network;PLC/Controller,ABB;Siemens,M2M Gateway;SIMATIC S7-1500 CPU 1518(F)-4 PN/DP MFP V3.1,icsa-23-348-10;icsa-25-105-08,verifiable-c,https://github.com/libssh2/libssh2.git,cmake,False,2023-08-22,An issue was discovered in function _libssh2_packet_add in libssh2 1.10.0 allows attackers to access out of bounds memory.
CVE-2020-25681,dnsmasq,C/C++,CWE-122,,,False,0.81191,unclassified,,dnsmasq by Simon Kelley,(Update A),icsa-21-019-01,verifiable-c,https://thekelleys.org.uk/git/dnsmasq.git,make_plain,False,2021-01-20,"A flaw was found in dnsmasq before version 2.83. A heap-based buffer overflow was discovered in the way RRSets are sorted before validating with DNSSEC data. An attacker on the network, who can forge DNS replies such as that they are accepted as valid, could use this flaw to cause a buffer overflow "
CVE-2020-25684,dnsmasq,C/C++,CWE-345,,,False,0.04041,unclassified,,dnsmasq by Simon Kelley,(Update A),icsa-21-019-01,verifiable-c,https://thekelleys.org.uk/git/dnsmasq.git,make_plain,False,2021-01-20,"A flaw was found in dnsmasq before version 2.83. When getting a reply from a forwarded query, dnsmasq checks in the forward.c:reply_query() if the reply destination address/port is used by the pending forwarded queries. However, it does not use the address/port to retrieve the exact forwarded query,"
CVE-2020-8177,libcurl,C/C++,CWE-74,7.1,high,False,0.01236,device-attributed,Network;PLC/Controller,Siemens,SIMATIC S7-1500 CPU 1518(F)-4 PN/DP MFP V3.1;SINEC INS,icsa-22-069-09;icsa-23-348-10,verifiable-c,https://github.com/curl/curl.git,autogen,False,2020-12-14,curl 7.20.0 through 7.70.0 is vulnerable to improper restriction of names for files and other resources that can lead too overwriting a local file when the -J flag is used.
CVE-2021-20227,sqlite,C (SQL engine),CWE-416,5.5,medium,False,0.00496,device-attributed,PLC/Controller,Siemens,SIMATIC S7-1500 CPU 1518(F)-4 PN/DP MFP V3.1,icsa-23-348-10,verifiable-c,https://github.com/sqlite/sqlite.git,configure_static,False,2021-03-23,A flaw was found in SQLite's SELECT query functionality (src/select.c). This flaw allows an attacker who is capable of running SQL queries locally on the SQLite database to cause a denial of service or possible code execution by triggering a use-after-free. The highest threat from this vulnerability
CVE-2021-23840,openssl,C/C++,CWE-190,,,False,0.50732,device-attributed,EWS/APM/Software;Network;OPC/Connectivity,Hitachi Energy;Mitsubishi Electric;Siemens,APM Edge (Update A);MELSOFT GT OPC UA;SINEC INS;System Data Manager,icsa-21-336-06;icsa-22-069-09;icsa-22-116-01;icsa-22-130-06,verifiable-c,https://github.com/openssl/openssl.git,openssl,False,2021-02-16,"Calls to EVP_CipherUpdate, EVP_EncryptUpdate and EVP_DecryptUpdate may overflow the output length argument in some cases where the input length is close to the maximum permissable length for an integer on the platform. In such cases the return value from the function call will be 1 (indicating succe"
CVE-2021-30186,codesys-rt,C/C++,CWE-122,,,False,0.07356,shared-oss-component,,"CODESYS, GmbH;FESTO, CODESYS",CODESYS Control V2 communication;CODESYS in Festo Automation Suite,icsa-21-173-03;icsa-26-076-01,blocked-proprietary,,,False,2021-05-25,CODESYS V2 runtime system SP before 2.4.7.55 has a Heap-based Buffer Overflow.
CVE-2021-30188,codesys-rt,C/C++,CWE-121,,,False,0.0127,shared-oss-component,,"CODESYS, GmbH;FESTO, CODESYS",CODESYS Control V2 communication;CODESYS in Festo Automation Suite,icsa-21-173-03;icsa-26-076-01,blocked-proprietary,,,False,2021-05-25,CODESYS V2 runtime system SP before 2.4.7.55 has a Stack-based Buffer Overflow.
CVE-2021-30189,codesys-rt,C/C++,CWE-121,,,False,0.0127,shared-oss-component,,"CODESYS, GmbH",CODESYS V2 web server,icsa-21-173-02,blocked-proprietary,,,False,2021-05-25,CODESYS V2 Web-Server before 1.1.9.20 has a Stack-based Buffer Overflow.
CVE-2021-31571,freertos,C/C++,,,,False,0.01382,shared-oss-component,,Multiple,RTOS (Update E),icsa-21-119-04,verifiable-c,https://github.com/FreeRTOS/FreeRTOS-Kernel.git,cmake,False,2021-04-22,The kernel in Amazon Web Services FreeRTOS before 10.4.3 has an integer overflow in queue.c for queue creation.
CVE-2021-31572,freertos,C/C++,,,,False,0.01382,shared-oss-component,,Multiple,RTOS (Update E),icsa-21-119-04,verifiable-c,https://github.com/FreeRTOS/FreeRTOS-Kernel.git,cmake,False,2021-04-22,The kernel in Amazon Web Services FreeRTOS before 10.4.3 has an integer overflow in stream_buffer.c for a stream buffer.
CVE-2021-33574,glibc,C/C++,CWE-416,9.8,critical,False,0.02874,device-attributed,PLC/Controller,Siemens,SIMATIC S7-1500 CPU 1518(F)-4 PN/DP MFP V3.1;SIMATIC S7-1500 TM MFP BIOS,icsa-23-166-10;icsa-23-348-10,verifiable-c,https://sourceware.org/git/glibc.git,glibc,False,2021-05-25,"The mq_notify function in the GNU C Library (aka glibc) versions 2.32 and 2.33 has a use-after-free. It may use the notification thread attributes object (passed through its struct sigevent parameter) after it has been freed by the caller, leading to a denial of service (application crash) or possib"
CVE-2021-33909,linux-kernel,C/C++,CWE-190,7.8,high,False,0.09729,unclassified,,Siemens,SIMATIC,icsa-24-074-07,blocked-scope,,,False,2021-07-20,"fs/seq_file.c in the Linux kernel 3.16 through 5.13.x before 5.13.4 does not properly restrict seq buffer allocations, leading to an integer overflow, an Out-of-bounds Write, and escalation to root by an unprivileged user, aka CID-8cae8cd89f05."
CVE-2021-3450,openssl,C/C++,,,,False,0.18339,device-attributed,Network,Siemens,SINEC INS,icsa-22-069-09,verifiable-c,https://github.com/openssl/openssl.git,openssl,False,2021-03-25,The X509_V_FLAG_X509_STRICT flag enables additional security checks of the certificates present in a certificate chain. It is not set by default. Starting from OpenSSL version 1.1.1h a check to disallow certificates in the chain that have explicitly encoded elliptic curve parameters was added as an 
CVE-2021-3517,libxml2,C/C++,CWE-125,8.6,high,False,0.08213,device-attributed,EWS/APM/Software;PLC/Controller;RTU/Telecontrol,Hitachi Energy;Siemens,APM Edge (Update A);RTU500 series;SIMATIC S7-1500 CPU 1518(F)-4 PN/DP MFP V3.1,icsa-21-336-06;icsa-21-336-08;icsa-23-348-10,verifiable-c,https://github.com/GNOME/libxml2.git,autogen,False,2021-05-19,There is a flaw in the xml entity encoding functionality of libxml2 in versions before 2.9.11. An attacker who is able to supply a crafted file to be processed by an application linked with the affected functionality of libxml2 could trigger an out-of-bounds read. The most likely impact of this flaw
CVE-2021-3518,libxml2,C/C++,CWE-416,8.8,high,False,0.03623,device-attributed,EWS/APM/Software;PLC/Controller,Hitachi Energy;Siemens,APM Edge (Update A);SIMATIC S7-1500 CPU 1518(F)-4 PN/DP MFP V3.1,icsa-21-336-06;icsa-23-348-10,verifiable-c,https://github.com/GNOME/libxml2.git,autogen,False,2021-05-18,"There's a flaw in libxml2 in versions before 2.9.11. An attacker who is able to submit a crafted file to be processed by an application linked with libxml2 could trigger a use-after-free. The greatest impact from this flaw is to confidentiality, integrity, and availability."
CVE-2021-35942,glibc,C/C++,CWE-190,9.1,critical,False,0.02678,device-attributed,PLC/Controller,Siemens,SIMATIC S7-1500 CPU 1518(F)-4 PN/DP MFP V3.1;SIMATIC S7-1500 TM MFP BIOS,icsa-23-166-10;icsa-23-348-10,verifiable-c,https://sourceware.org/git/glibc.git,glibc,False,2021-07-22,"The wordexp function in the GNU C Library (aka glibc) through 2.33 may crash or read arbitrary memory in parse_param (in posix/wordexp.c) when called with an untrusted, crafted pattern, potentially resulting in a denial of service or disclosure of information. This occurs because atoi was used but s"
CVE-2021-36369,dropbear,C/C++,CWE-287,7.5,high,False,0.01463,device-attributed,Network,Siemens,SCALANCE XCM-/XRM-300,icsa-24-046-11,verifiable-c,https://github.com/mkj/dropbear.git,configure_static,False,2022-10-12,"An issue was discovered in Dropbear through 2020.81. Due to a non-RFC-compliant check of the available authentication methods in the client-side SSH code, it is possible for an SSH server to change the login process in its favor. This attack can bypass additional security measures such as FIDO2 toke"
CVE-2021-3711,openssl,C/C++,CWE-120,,,False,0.87816,device-attributed,EWS/APM/Software;HMI;Network;RTU/Telecontrol;SCADA,AVEVA;Hitachi Energy;Mitsubishi Electric;Siemens,BFCClient;Energy’s RTU500 Series Product (Update B);InTouch Access Anywhere and Plant SCADA Access Anywhere (Update A);MELSOFT iQ AppPortal;SINEC INS,icsa-22-069-09;icsa-22-132-02;icsa-22-342-02;icsa-23-143-02;icsa-25-226-21,verifiable-c,https://github.com/openssl/openssl.git,openssl,False,2021-08-24,"In order to decrypt SM2 encrypted data an application is expected to call the API function EVP_PKEY_decrypt(). Typically an application will call this function twice. The first time, on entry, the ""out"" parameter can be NULL and, on exit, the ""outlen"" parameter is populated with the buffer size requ"
CVE-2021-3712,openssl,C/C++,CWE-125,,,False,0.50445,device-attributed,EWS/APM/Software;Network;OPC/Connectivity;RTU/Telecontrol,Hitachi Energy;Mitsubishi Electric;Siemens,BFCClient;Energy’s RTU500 Series Product (Update B);MELSOFT GT OPC UA;OpenSSL Vulnerability in Industrial Products;SCALANCE;SINEC INS,icsa-22-069-09;icsa-22-130-06;icsa-23-143-02;icsa-25-226-21;icsa-25-259-05;icsa-26-111-07,verifiable-c,https://github.com/openssl/openssl.git,openssl,False,2021-08-24,ASN.1 strings are represented internally within OpenSSL as an ASN1_STRING structure which contains a buffer holding the string data and a field holding the buffer length. This contrasts with normal C strings which are repesented as a buffer for the string data which is terminated with a NUL (0) byte
CVE-2021-3999,glibc,C/C++,CWE-193,7.8,high,False,0.00735,device-attributed,PLC/Controller,Siemens,SIMATIC S7-1500 CPU 1518(F)-4 PN/DP MFP V3.1;SIMATIC S7-1500 TM MFP BIOS,icsa-23-166-10;icsa-23-348-10,verifiable-c,https://sourceware.org/git/glibc.git,glibc,False,2022-08-24,A flaw was found in glibc. An off-by-one buffer overflow and underflow in getcwd() may lead to memory corruption when the size of the buffer is exactly 1. A local attacker who can control the input buffer and size passed to getcwd() in a setuid program could use this flaw to potentially execute arbi
CVE-2021-41617,openssh,C/C++,CWE-311,7.0,high,False,0.02545,device-attributed,PLC/Controller,Siemens,SIMATIC S7-1500 CPU 1518(F)-4 PN/DP MFP;SIMATIC S7-1500 CPU 1518(F)-4 PN/DP MFP V3.1;SIMATIC S7-1500 CPU Family,icsa-23-348-10;icsa-25-162-05;icsa-26-209-04,verifiable-c,https://github.com/openssh/openssh-portable.git,autoreconf,False,2021-09-26,"sshd in OpenSSH 6.2 through 8.x before 8.8, when certain non-default configurations are used, allows privilege escalation because supplemental groups are not initialized as expected. Helper programs for AuthorizedKeysCommand and AuthorizedPrincipalsCommand may run with privileges associated with gro"
CVE-2021-42374,busybox,C/C++,CWE-125,6.5,medium,False,0.00579,device-attributed,Drive/Motion;Network;PLC/Controller,Siemens,"SCALANCE Third-Party;SCALANCE, RUGGEDCOM Third-Party;SIMATIC S7-1500 TM MFP BIOS;SINAMICS Medium Voltage Products",icsa-23-075-01;icsa-23-080-07;icsa-23-166-10;icsa-23-166-12,verifiable-c,https://git.busybox.net/busybox,make_defconfig,False,2021-11-15,An out-of-bounds heap read in Busybox's unlzma applet leads to information leak and denial of service when crafted LZMA-compressed input is decompressed. This can be triggered by any applet/format that
CVE-2021-42375,busybox,C/C++,CWE-20,4.1,medium,False,0.00378,device-attributed,Network;PLC/Controller,Siemens,"SCALANCE Third-Party;SCALANCE, RUGGEDCOM Third-Party;SIMATIC S7-1500 TM MFP BIOS",icsa-23-075-01;icsa-23-080-07;icsa-23-166-10,verifiable-c,https://git.busybox.net/busybox,make_defconfig,False,2021-11-15,"An incorrect handling of a special element in Busybox's ash applet leads to denial of service when processing a crafted shell command, due to the shell mistaking specific characters for reserved characters. This may be used for DoS under rare conditions of filtered command input."
CVE-2021-42376,busybox,C/C++,CWE-476,4.1,medium,False,0.00399,device-attributed,Network;PLC/Controller,Siemens,"SCALANCE Third-Party;SCALANCE, RUGGEDCOM Third-Party;SIMATIC S7-1500 TM MFP BIOS",icsa-23-075-01;icsa-23-080-07;icsa-23-166-10,verifiable-c,https://git.busybox.net/busybox,make_defconfig,False,2021-11-15,"A NULL pointer dereference in Busybox's hush applet leads to denial of service when processing a crafted shell command, due to missing validation after a \x03 delimiter character. This may be used for DoS under very rare conditions of filtered command input."
CVE-2021-42378,busybox,C/C++,CWE-416,6.6,medium,False,0.02542,device-attributed,Drive/Motion;Network;PLC/Controller,Siemens,"SCALANCE Third-Party;SCALANCE, RUGGEDCOM Third-Party;SIMATIC S7-1500 TM MFP BIOS;SINAMICS Medium Voltage Products",icsa-23-075-01;icsa-23-080-07;icsa-23-166-10;icsa-23-166-12,verifiable-c,https://git.busybox.net/busybox,make_defconfig,False,2021-11-15,A use-after-free in Busybox's awk applet leads to denial of service and possibly code execution when processing a crafted awk pattern in the getvar_i function
CVE-2021-42379,busybox,C/C++,CWE-416,6.6,medium,False,0.02579,device-attributed,Drive/Motion;Network;PLC/Controller,Siemens,"SCALANCE Third-Party;SCALANCE, RUGGEDCOM Third-Party;SIMATIC S7-1500 TM MFP BIOS;SINAMICS Medium Voltage Products",icsa-23-075-01;icsa-23-080-07;icsa-23-166-10;icsa-23-166-12,verifiable-c,https://git.busybox.net/busybox,make_defconfig,False,2021-11-15,A use-after-free in Busybox's awk applet leads to denial of service and possibly code execution when processing a crafted awk pattern in the next_input_file function
CVE-2021-42380,busybox,C/C++,CWE-416,6.6,medium,False,0.02871,device-attributed,Drive/Motion;Network;PLC/Controller,Siemens,"SCALANCE Third-Party;SCALANCE, RUGGEDCOM Third-Party;SIMATIC S7-1500 TM MFP BIOS;SINAMICS Medium Voltage Products",icsa-23-075-01;icsa-23-080-07;icsa-23-166-10;icsa-23-166-12,verifiable-c,https://git.busybox.net/busybox,make_defconfig,False,2021-11-15,A use-after-free in Busybox's awk applet leads to denial of service and possibly code execution when processing a crafted awk pattern in the clrvar function
CVE-2021-42386,busybox,C/C++,CWE-416,6.6,medium,False,0.02542,device-attributed,Drive/Motion;Network;PLC/Controller,Siemens,"SCALANCE Third-Party;SCALANCE, RUGGEDCOM Third-Party;SIMATIC S7-1500 TM MFP BIOS;SINAMICS Medium Voltage Products",icsa-23-075-01;icsa-23-080-07;icsa-23-166-10;icsa-23-166-12,verifiable-c,https://git.busybox.net/busybox,make_defconfig,False,2021-11-15,A use-after-free in Busybox's awk applet leads to denial of service and possibly code execution when processing a crafted awk pattern in the nvalloc function
CVE-2021-44228,log4j,Java,CWE-20,,,True,0.99999,device-attributed,EWS/APM/Software;Sensor/Field/RFID/RTLS,"Exacq Technologies, a subsidiary of Johnson Controls, Inc;Sensormatic Electronics, LLC, a subsidiary of Johnson Controls Inc",Johnson Controls exacq Enterprise Manager;Sensormatic PowerManage (Update A),icsa-21-357-02;icsa-22-034-01,blocked-scope,,,False,2021-12-10,"Apache Log4j2 2.0-beta9 through 2.15.0 (excluding security releases 2.12.2, 2.12.3, and 2.3.1) JNDI features used in configuration, log messages, and parameters do not protect against attacker controlled LDAP and other JNDI related endpoints. An attacker who can control log messages or log message p"
CVE-2022-0547,openvpn,C/C++,CWE-287,9.8,critical,False,0.03574,device-attributed,Drive/Motion;Network,Siemens,"SCALANCE, RUGGEDCOM Third-Party;SINAMICS Medium Voltage Products",icsa-23-075-01;icsa-23-166-12,verifiable-c,https://github.com/OpenVPN/openvpn.git,autoreconf,False,2022-03-18,"OpenVPN 2.1 until v2.4.12 and v2.5.6 may enable authentication bypass in external authentication plug-ins when more than one of them makes use of deferred authentication replies, which allows an external user to be granted access with only partially correct credentials."
CVE-2022-0778,openssl,C/C++,CWE-835,7.5,high,False,0.70561,device-attributed,EWS/APM/Software;Network;PLC/Controller;RTU/Telecontrol;SCADA,Hitachi Energy;Mitsubishi Electric;Siemens,BFCClient;Energy’s RTU500 Series Product (Update B);Gateway Station;MELSOFT iQ AppPortal;MicroSCADA Pro X SYS600;Multiple Factory Automation Products (Update C);OpenSSL Affected Industrial Products (Update E);SCALANCE;SIDIS Prime;SIMATIC S7-1500 CPU 1518(F)-4 PN/DP MFP V3.1,icsa-22-132-02;icsa-22-167-14;icsa-22-221-01;icsa-22-272-02;icsa-23-059-01;icsa-23-143-02;icsa-23-348-10;icsa-24-046-02;icsa-25-226-21;icsa-26-111-07,verifiable-c,https://github.com/openssl/openssl.git,openssl,False,2022-03-15,"The BN_mod_sqrt() function, which computes a modular square root, contains a bug that can cause it to loop forever for non-prime moduli. Internally this function is used when parsing certificates that contain elliptic curve public keys in compressed form or explicit elliptic curve parameters with a "
CVE-2022-0847,linux-kernel,C/C++,CWE-281,,,True,0.88606,device-attributed,Network,Siemens,SCALANCE LPE9403 Third-Party Vulnerabilities,icsa-22-167-09,blocked-scope,,,False,2022-03-10,"A flaw was found in the way the ""flags"" member of the new pipe buffer structure was lacking proper initialization in copy_page_to_iter_pipe and push_pipe functions in the Linux kernel and could thus contain stale values. An unprivileged local user could use this flaw to write to pages in the page ca"
CVE-2022-1292,openssl,C/C++,CWE-78,9.8,critical,False,0.82612,device-attributed,Drive/Motion;EWS/APM/Software;Network;PLC/Controller,Mitsubishi Electric;Siemens,"Brownfield Connectivity Client;Multiple Factory Automation Products (Update C);RUGGEDCOM ROX;SCALANCE, RUGGEDCOM Third-Party;SIMATIC S7-1500 CPU 1518(F)-4 PN/DP MFP V3.1;SIMATIC S7-1500 TM MFP Linux Kernel;SINAMICS Medium Voltage Products;SINEC INS",icsa-22-221-01;icsa-23-017-03;icsa-23-047-03;icsa-23-075-01;icsa-23-166-11;icsa-23-166-12;icsa-23-194-01;icsa-23-348-10,verifiable-c,https://github.com/openssl/openssl.git,openssl,False,2022-05-03,"The c_rehash script does not properly sanitise shell metacharacters to prevent command injection. This script is distributed by some operating systems in a manner where it is automatically executed. On such operating systems, an attacker could execute arbitrary commands with the privileges of the sc"
CVE-2022-2068,openssl,C/C++,CWE-78,9.8,critical,False,0.95764,device-attributed,HMI;Network;PLC/Controller,Mitsubishi Electric;Siemens,GT SoftGOT2000;RUGGEDCOM ROX;SIMATIC S7-1500 CPU 1518(F)-4 PN/DP MFP V3.1;SIMATIC S7-1500 TM MFP Linux Kernel;SINEC INS,icsa-22-319-01;icsa-23-017-03;icsa-23-166-11;icsa-23-194-01;icsa-23-348-10,verifiable-c,https://github.com/openssl/openssl.git,openssl,False,2022-06-21,"In addition to the c_rehash shell command injection identified in CVE-2022-1292, further circumstances where the c_rehash script does not properly sanitise shell metacharacters to prevent command injection were found by code review. When the CVE-2022-1292 was fixed it was not discovered that there a"
CVE-2022-22515,codesys-rt,C/C++,CWE-668,,,False,0.01092,device-attributed,HMI;PLC/Controller,"FESTO, CODESYS;Festo","CODESYS in Festo Automation Suite;Compact Vision System, Control Block, Controller, and Operator Unit products;Controller CECC-S,-LK,-D Family Firmware (Update A)",icsa-25-273-04;icsa-25-329-05;icsa-26-076-01,blocked-proprietary,,,False,2022-04-07,"A remote, authenticated attacker could utilize the control program of the CODESYS Control runtime system to use the vulnerability in order to read and modify the configuration file(s) of the affected products."
CVE-2022-22517,codesys-rt,C/C++,CWE-330,,,False,0.01301,device-attributed,PLC/Controller,"FESTO, CODESYS;Festo","CODESYS in Festo Automation Suite;Controller CECC-S,-LK,-D Family Firmware (Update A)",icsa-25-273-04;icsa-26-076-01,blocked-proprietary,,,False,2022-04-07,"An unauthenticated, remote attacker can disrupt existing communication channels between CODESYS products by guessing a valid channel ID and injecting packets. This results in the communication channel to be closed."
CVE-2022-22576,libcurl,C/C++,CWE-287,8.1,high,False,0.02161,device-attributed,Network;PLC/Controller,Siemens,RUGGEDCOM ROX;SIMATIC S7-1500 CPU 1518(F)-4 PN/DP MFP V3.1,icsa-23-194-01;icsa-23-348-10,verifiable-c,https://github.com/curl/curl.git,autogen,False,2022-05-26,An improper authentication vulnerability exists in curl 7.33.0 to and including 7.82.0 which might allow reuse OAUTH2-authenticated connections without properly making sure that the connection was authenticated with the same credentials as set for this transfer. This affects SASL-enabled protocols: 
CVE-2022-22822,expat,C/C++,CWE-190,9.8,critical,False,0.04829,device-attributed,Network;PLC/Controller,Hitachi Energy;Siemens,"Energy AFS65x, AFF66x, AFS67x, and AFR67x Series Products;SIMATIC S7-1500 CPU 1518(F)-4 PN/DP MFP V3.1;SINEMA Remote Connect Server",icsa-22-167-17;icsa-23-278-01;icsa-23-348-10,verifiable-c,https://github.com/libexpat/libexpat.git,cmake,False,2022-01-10,addBinding in xmlparse.c in Expat (aka libexpat) before 2.4.3 has an integer overflow.
CVE-2022-22965,spring,Java,CWE-94,,,True,0.99677,device-attributed,EWS/APM/Software,Hitachi Energy,Lumada Asset Performance Management Prognostic Model Executor Service,icsa-22-286-05,blocked-scope,,,False,2022-04-01,"A Spring MVC or Spring WebFlux application running on JDK 9+ may be vulnerable to remote code execution (RCE) via data binding. The specific exploit requires the application to run on Tomcat as a WAR deployment. If the application is deployed as a Spring Boot executable jar, i.e. the default, it is "
CVE-2022-23303,wpa-supplicant,C/C++,,,,False,0.03054,device-attributed,EWS/APM/Software,Siemens,SIDIS Secured SmartPlug,icsa-26-202-04,verifiable-c,https://w1.fi/hostap.git,make_plain,False,2022-01-17,The implementations of SAE in hostapd before 2.10 and wpa_supplicant before 2.10 are vulnerable to side channel attacks as a result of cache access patterns. NOTE: this issue exists because of an incomplete fix for CVE-2019-9494.
CVE-2022-23852,expat,C/C++,CWE-190,9.8,critical,False,0.04525,device-attributed,Network;PLC/Controller,Hitachi Energy;Siemens,"Energy AFS65x, AFF66x, AFS67x, and AFR67x Series Products;SIMATIC S7-1500 CPU 1518(F)-4 PN/DP MFP V3.1;SINEMA Remote Connect Server",icsa-22-167-17;icsa-23-278-01;icsa-23-348-10,verifiable-c,https://github.com/libexpat/libexpat.git,cmake,False,2022-01-24,"Expat (aka libexpat) before 2.4.4 has a signed integer overflow in XML_GetBuffer, for configurations with a nonzero XML_CONTEXT_BYTES."
CVE-2022-25235,expat,C/C++,CWE-116,9.8,critical,False,0.04955,device-attributed,Network;PLC/Controller,Hitachi Energy;Siemens,"Energy AFS65x, AFF66x, AFS67x, and AFR67x Series Products;SIMATIC S7-1500 CPU 1518(F)-4 PN/DP MFP V3.1;SINEMA Remote Connect Server",icsa-22-167-17;icsa-23-278-01;icsa-23-348-10,verifiable-c,https://github.com/libexpat/libexpat.git,cmake,False,2022-02-16,"xmltok_impl.c in Expat (aka libexpat) before 2.4.5 lacks certain validation of encoding, such as checks for whether a UTF-8 character is valid in a certain context."
CVE-2022-25236,expat,C/C++,CWE-668,9.8,critical,False,0.35867,device-attributed,Network;PLC/Controller,Hitachi Energy;Siemens,"Energy AFS65x, AFF66x, AFS67x, and AFR67x Series Products;SIMATIC S7-1500 CPU 1518(F)-4 PN/DP MFP V3.1;SINEMA Remote Connect Server",icsa-22-167-17;icsa-23-278-01;icsa-23-348-10,verifiable-c,https://github.com/libexpat/libexpat.git,cmake,False,2022-02-16,xmlparse.c in Expat (aka libexpat) before 2.4.5 allows attackers to insert namespace-separator characters into namespace URIs.
CVE-2022-25315,expat,C/C++,CWE-190,9.8,critical,False,0.04821,device-attributed,Network;PLC/Controller,Hitachi Energy;Siemens,"Energy AFS65x, AFF66x, AFS67x, and AFR67x Series Products;SIMATIC S7-1500 CPU 1518(F)-4 PN/DP MFP V3.1;SINEMA Remote Connect Server",icsa-22-167-17;icsa-23-278-01;icsa-23-348-10,verifiable-c,https://github.com/libexpat/libexpat.git,cmake,False,2022-02-18,"In Expat (aka libexpat) before 2.4.5, there is an integer overflow in storeRawNames."
CVE-2022-27774,libcurl,C/C++,CWE-522,5.7,medium,False,0.01702,device-attributed,PLC/Controller,Siemens,SIMATIC S7-1500 CPU 1518(F)-4 PN/DP MFP V3.1,icsa-23-348-10,verifiable-c,https://github.com/curl/curl.git,autogen,False,2022-06-02,An insufficiently protected credentials vulnerability exists in curl 4.9 to and include curl 7.82.0 are affected that could allow an attacker to extract credentials when follows HTTP(S) redirects is used with authentication could leak credentials to other services that exist on different protocols o
CVE-2022-28391,busybox,C/C++,CWE-311,8.8,high,False,0.03492,device-attributed,PLC/Controller,Siemens,SIMATIC S7-1500 TM MFP BIOS,icsa-23-166-10,verifiable-c,https://git.busybox.net/busybox,make_defconfig,False,2022-04-03,"BusyBox through 1.35.0 allows remote attackers to execute arbitrary code if netstat is used to print a DNS PTR record's value to a VT compatible terminal. Alternatively, the attacker could choose to change the terminal's colors."
CVE-2022-29824,libxml2,C/C++,CWE-190,6.5,medium,False,0.03753,device-attributed,PLC/Controller,Siemens,SIMATIC S7-1500 CPU 1518(F)-4 PN/DP MFP V3.1,icsa-23-348-10,verifiable-c,https://github.com/GNOME/libxml2.git,autogen,False,2022-05-03,"In libxml2 before 2.9.14, several buffer handling functions in buf.c (xmlBuf*) and tree.c (xmlBuffer*) don't check for integer overflows. This can result in out-of-bounds memory writes. Exploitation requires a victim to open a crafted, multi-gigabyte XML file. Other software using libxml2's buffer f"
CVE-2022-31802,codesys-rt,C/C++,CWE-187,,,False,0.01184,shared-oss-component,,FESTO,CODESYS,icsa-25-182-03,blocked-proprietary,,,False,2022-06-24,In CODESYS Gateway Server V2 for versions prior to V2.3.9.38 only a part of the the specified password is been compared to the real CODESYS Gateway password. An attacker may perform authentication by specifying a small password that matches the corresponding part of the longer real CODESYS Gateway p
CVE-2022-32221,libcurl,C/C++,CWE-440,8.2,high,False,0.04325,device-attributed,Network;PLC/Controller,Siemens,SIMATIC S7-1500 CPU 1518(F)-4 PN/DP MFP V3.1;SINEC NMS Third-Party,icsa-23-131-05;icsa-23-348-10,verifiable-c,https://github.com/curl/curl.git,autogen,False,2022-12-05,"When doing HTTP(S) transfers, libcurl might erroneously use the read callback (`CURLOPT_READFUNCTION`) to ask for data to send, even when the `CURLOPT_POSTFIELDS` option has been set, if the same handle previously was used to issue a `PUT` request which used that callback. This flaw may surprise the"
CVE-2022-37434,zlib,C/C++,CWE-787,9.8,critical,False,0.17852,device-attributed,EWS/APM/Software;Network;PLC/Controller,ABB;Hitachi Energy;Siemens,CADRA;Lumada Asset Performance Management;M2M Gateway;PNI;SIMATIC S7-1500 CPU 1518(F)-4 PN/DP MFP V3.1,icsa-23-005-03;icsa-23-320-12;icsa-23-348-10;icsa-25-105-08;icsa-26-202-06,verifiable-c,https://github.com/madler/zlib.git,configure_static,True,2022-08-05,zlib through 1.2.12 has a heap-based buffer over-read or buffer overflow in inflate in inflate.c via a large gzip header extra field. NOTE: only applications that call inflateGetHeader are affected. Some common applications bundle the affected zlib source code but may be unable to call inflateGetHea
CVE-2022-40303,libxml2,C/C++,CWE-190,7.5,high,False,0.22791,device-attributed,Network;PLC/Controller;RTU/Telecontrol;SCADA,Siemens,SCALANCE W700;SIMATIC S7-1500 CPU 1518(F)-4 PN/DP MFP V3.1;SIMATIC and SIPLUS;ST7 ScadaConnect;TIM 1531 IRC;Telecontrol Server Basic,icsa-23-348-10;icsa-24-102-08;icsa-24-165-04;icsa-24-165-06;icsa-24-165-10;icsa-25-044-09,verifiable-c,https://github.com/GNOME/libxml2.git,autogen,False,2022-11-23,"An issue was discovered in libxml2 before 2.10.3. When parsing a multi-gigabyte XML document with the XML_PARSE_HUGE parser option enabled, several integer counters can overflow. This results in an attempt to access an array at a negative 2GB offset, typically leading to a segmentation fault."
CVE-2022-40304,libxml2,C/C++,CWE-415,7.8,high,False,0.06782,device-attributed,Network;PLC/Controller;RTU/Telecontrol;SCADA,Siemens,SCALANCE W700;SIMATIC S7-1500 CPU 1518(F)-4 PN/DP MFP V3.1;SIMATIC and SIPLUS;ST7 ScadaConnect;TIM 1531 IRC;Telecontrol Server Basic,icsa-23-348-10;icsa-24-102-08;icsa-24-165-04;icsa-24-165-06;icsa-24-165-10;icsa-25-044-09,verifiable-c,https://github.com/GNOME/libxml2.git,autogen,False,2022-11-23,"An issue was discovered in libxml2 before 2.10.3. Certain invalid XML entity definitions can corrupt a hash table key, potentially leading to subsequent logic errors. In one case, a double-free can be provoked."
CVE-2022-41742,nginx,C/C++,,7.1,high,False,0.01119,device-attributed,Network,Siemens,SINEC Traffic Analyzer,icsa-24-165-13,verifiable-c,https://github.com/nginx/nginx.git,nginx,False,2022-10-19,"NGINX Open Source before versions 1.23.2 and 1.22.1, NGINX Open Source Subscription before versions R2 P1 and R1 P1, and NGINX Plus before versions R27 P1 and R26 P1 have a vulnerability in the module ngx_http_mp4_module that might allow a local attacker to cause a worker process crash, or might res"
CVE-2022-4304,openssl,C/C++,CWE-203,5.9,medium,False,0.16195,device-attributed,EWS/APM/Software;IED/Protection Relay;Network;PLC/Controller;RTU/Telecontrol;SCADA;Sensor/Field/RFID/RTLS,Hitachi Energy;ICONICS;Mitsubishi Electric;Siemens,"Electric CC-Link IE TSN Industrial Managed Switch (Update A);Electric Factory Automation Products;Energy AFS/AFR Series Products;Energy Lumada APM Edge;Energy PCU400;Energy’s RTU500 Series Product (Update B);GMS600;OpenSSL RSA Decryption in SIMATIC;Relion 670, 650, SAM600-IO Series (Update A);SCALANCE Family Products;SCALANCE W1750D Devices;SCALANCE W700;SCALANCE XM-400, XR-500;SIMATIC MV500 Devices;SIMATIC S7-1500 CPU 1518(F)-4 PN/DP MFP V3.1;SIMATIC S7-1500 TM MFP Linux Kernel;SIMATIC and SIPLUS;SINEC NMS;TIM 1531 IRC;Telecontrol Server Basic;and Mitsubishi Electric Products",icsa-23-075-04;icsa-23-143-02;icsa-23-166-11;icsa-23-194-04;icsa-23-222-09;icsa-23-229-01;icsa-23-255-01;icsa-23-278-03;icsa-23-320-08;icsa-23-348-10;icsa-24-004-02;icsa-24-046-15;icsa-24-102-08;icsa-24-165-06;icsa-24-165-10;icsa-24-165-11;icsa-24-205-02;icsa-25-044-09;icsa-25-065-01;icsa-25-160-02;icsa-26-141-01,verifiable-c,https://github.com/openssl/openssl.git,openssl,False,2023-02-08,"A timing based side channel exists in the OpenSSL RSA Decryption implementation
which could be sufficient to recover a plaintext across a network in a
Bleichenbacher style attack. To achieve a successful decryption an attacker
would have to be able to send a very large number of trial messages for
d"
CVE-2022-46908,sqlite,C (SQL engine),CWE-311,7.3,high,False,0.00425,device-attributed,PLC/Controller;RTU/Telecontrol;SCADA,Siemens,SIMATIC S7-1500 CPU 1518(F)-4 PN/DP MFP V3.1;Telecontrol Server Basic,icsa-23-348-10;icsa-24-102-08,verifiable-c,https://github.com/sqlite/sqlite.git,configure_static,False,2022-12-12,"SQLite through 3.40.0, when relying on --safe for execution of an untrusted CLI script, does not properly implement the azProhibitedFunctions protection mechanism, and instead allows UDF functions such as WRITEFILE."
CVE-2023-0215,openssl,C/C++,CWE-416,5.9,medium,False,0.04494,device-attributed,EWS/APM/Software;Network;PLC/Controller;RTU/Telecontrol;SCADA;Sensor/Field/RFID/RTLS,Hitachi Energy;Siemens,"Energy AFS/AFR Series Products;Energy Lumada APM Edge;Energy PCU400;SCALANCE W1750D Devices;SCALANCE W700;SCALANCE XM-400, XR-500;SIMATIC MV500 Devices;SIMATIC S7-1500 CPU 1518(F)-4 PN/DP MFP V3.1;SIMATIC S7-1500 TM MFP Linux Kernel;SIMATIC and SIPLUS;SINEC NMS;TIM 1531 IRC;Telecontrol Server Basic",icsa-23-075-04;icsa-23-166-11;icsa-23-194-04;icsa-23-255-01;icsa-23-348-10;icsa-24-046-15;icsa-24-102-08;icsa-24-165-06;icsa-24-165-10;icsa-24-165-11;icsa-24-205-02;icsa-25-044-09;icsa-25-065-01,verifiable-c,https://github.com/openssl/openssl.git,openssl,False,2023-02-08,"The public API function BIO_new_NDEF is a helper function used for streaming
ASN.1 data via a BIO. It is primarily used internally to OpenSSL to support the
SMIME, CMS and PKCS7 streaming capabilities, but may also be called directly by
end user applications.

The function receives a BIO from the ca"
CVE-2023-0286,openssl,C/C++,CWE-843,7.4,high,False,0.59501,device-attributed,EWS/APM/Software;Network;PLC/Controller;RTU/Telecontrol;SCADA;Sensor/Field/RFID/RTLS,ABB;Hitachi Energy;Mitsubishi Electric;Siemens,"Address Processing in SIMATIC;BFCClient;Electric Factory Automation Products;Energy AFS/AFR Series Products;Energy Lumada APM Edge;Energy PCU400;Energy’s RTU500 Series Product (Update B);M2M Gateway;SCALANCE W1750D Devices;SCALANCE W700;SCALANCE XM-400, XR-500;SIMATIC MV500 Devices;SIMATIC S7-1500 CPU 1518(F)-4 PN/DP MFP V3.1;SIMATIC S7-1500 TM MFP Linux Kernel;SIMATIC and SIPLUS;SINEC NMS;TIM 1531 IRC;Telecontrol Server Basic",icsa-23-075-04;icsa-23-143-02;icsa-23-166-11;icsa-23-194-04;icsa-23-222-07;icsa-23-255-01;icsa-23-348-10;icsa-24-004-02;icsa-24-046-15;icsa-24-102-08;icsa-24-165-06;icsa-24-165-10;icsa-24-165-11;icsa-24-205-02;icsa-25-044-09;icsa-25-065-01;icsa-25-105-08;icsa-25-226-21,verifiable-c,https://github.com/openssl/openssl.git,openssl,False,2023-02-08,"There is a type confusion vulnerability relating to X.400 address processing
inside an X.509 GeneralName. X.400 addresses were parsed as an ASN1_STRING but
the public structure definition for GENERAL_NAME incorrectly specified the type
of the x400Address field as ASN1_TYPE. This field is subsequentl"
CVE-2023-21528,sqlserver-express,C/C++,CWE-20,7.8,high,False,0.00393,device-attributed,RTU/Telecontrol;SCADA,Siemens,Telecontrol Server Basic,icsa-24-102-08,blocked-proprietary,,,False,2023-02-14,Microsoft SQL Server Remote Code Execution Vulnerability
CVE-2023-21808,dotnet,C#/.NET,CWE-20,7.8,high,False,0.01148,device-attributed,SCADA,Siemens,PNI;ST7 ScadaConnect,icsa-23-320-12;icsa-24-165-04,blocked-scope,,,False,2023-02-14,.NET and Visual Studio Remote Code Execution Vulnerability
CVE-2023-27533,libcurl,C/C++,CWE-74,8.8,high,False,0.01993,device-attributed,Network;PLC/Controller,Siemens,SIMATIC S7-1500 CPU 1518(F)-4 PN/DP MFP V3.1;SINEC NMS,icsa-23-348-10;icsa-24-046-15,verifiable-c,https://github.com/curl/curl.git,autogen,False,2023-03-30,"A vulnerability in input validation exists in curl <8.0 during communication using the TELNET protocol may allow an attacker to pass on maliciously crafted user name and ""telnet options"" during server negotiation. The lack of proper input scrubbing allows an attacker to send content or perform optio"
CVE-2023-27536,libcurl,C/C++,CWE-287,5.9,medium,False,0.01566,device-attributed,Network;PLC/Controller,Siemens,SCALANCE XCM-/XRM-300;SIMATIC S7-1500 CPU 1518(F)-4 PN/DP MFP V3.1;SINEC NMS,icsa-23-348-10;icsa-24-046-11;icsa-24-046-15,verifiable-c,https://github.com/curl/curl.git,autogen,False,2023-03-30,An authentication bypass vulnerability exists libcurl <8.0.0 in the connection reuse feature which can reuse previously established connections with incorrect user permissions due to a failure to check for changes in the CURLOPT_GSSAPI_DELEGATION option. This vulnerability affects krb5/kerberos/nego
CVE-2023-28450,dnsmasq,C/C++,CWE-311,7.5,high,False,0.01773,device-attributed,Network,Siemens,SCALANCE M-800 Family;SCALANCE XCM-/XRM-300,icsa-24-046-11;icsa-24-319-06,verifiable-c,https://thekelleys.org.uk/git/dnsmasq.git,make_plain,False,2023-03-15,An issue was discovered in Dnsmasq before 2.90. The default maximum EDNS.0 UDP packet size was set to 4096 but should be 1232 because of DNS Flag Day 2020.
CVE-2023-28484,libxml2,C/C++,CWE-476,6.5,medium,False,0.01086,device-attributed,Network;PLC/Controller;RTU/Telecontrol;SCADA,Siemens,SCALANCE W700;SIMATIC S7-1500 CPU 1518(F)-4 PN/DP MFP V3.1;SIMATIC and SIPLUS;ST7 ScadaConnect;Telecontrol Server Basic,icsa-23-348-10;icsa-24-102-08;icsa-24-165-04;icsa-24-165-10;icsa-25-044-09,verifiable-c,https://github.com/GNOME/libxml2.git,autogen,False,2023-04-24,"In libxml2 before 2.10.4, parsing of certain invalid XSD schemas can lead to a NULL pointer dereference and subsequently a segfault. This occurs in xmlSchemaFixupComplexType in xmlschemas.c."
CVE-2023-32233,linux-kernel,C/C++,CWE-416,7.8,high,False,0.12966,device-attributed,Network,ABB;Siemens,M2M Gateway;SCALANCE XCM-/XRM-300,icsa-24-046-11;icsa-25-105-08,blocked-scope,,,False,2023-05-08,"In the Linux kernel through 6.3.1, a use-after-free in Netfilter nf_tables when processing batch requests can be abused to perform arbitrary read and write operations on kernel memory. Unprivileged local users can obtain root privileges. This occurs because anonymous sets are mishandled."
CVE-2023-34035,spring,Java,,5.3,medium,False,0.00658,device-attributed,Network,Siemens,SINEC NMS,icsa-24-046-15,blocked-scope,,,False,2023-07-18,"Spring Security versions 5.8 prior to 5.8.5, 6.0 prior to 6.0.5, and 6.1 prior to 6.1.2 could be susceptible to authorization rule misconfiguration if the application uses requestMatchers(String) and multiple servlets, one of them being Spring MVC’s DispatcherServlet. (DispatcherServlet is a Spring "
CVE-2023-3663,codesys-rt,C/C++,CWE-345,,,False,0.01021,device-attributed,EWS/APM/Software,"CODESYS, GmbH;FESTO, CODESYS;Schneider Electric",CODESYS Development System;CODESYS in Festo Automation Suite;devices using CODESYS Runtime,icsa-23-236-05;icsa-26-020-02;icsa-26-076-01,blocked-proprietary,,,False,2023-08-03,In CODESYS Development System versions from 3.5.11.20 and before 3.5.19.20 a missing integrity check might allow an unauthenticated remote attacker to manipulate the content of notifications received via HTTP by the CODESYS notification server.
CVE-2023-37559,codesys-rt,C/C++,CWE-20,6.5,medium,False,0.00626,device-attributed,Drive/Motion;PLC/Controller,"ABB;FESTO, CODESYS;Schneider Electric",ACS880 Drives Containing CODESYS RTS;CODESYS in Festo Automation Suite;Low Voltage DC Drives and Power Controllers CODESYS RTS;MV Drives;devices using CODESYS Runtime,icsa-25-093-03;icsa-25-093-04;icsa-25-112-04;icsa-26-020-02;icsa-26-076-01,blocked-proprietary,,,False,2023-08-03,"After successful authentication as a user in multiple Codesys products in multiple versions, specific crafted network communication requests with inconsistent content can cause the CmpAppForce component to read internally from an invalid address, potentially leading to a denial-of-service condition."
CVE-2023-38408,openssh,C/C++,CWE-428,7.7,high,False,0.797,device-attributed,Network;PLC/Controller,ABB;Siemens,M2M Gateway;SIMATIC S7-1500 CPU 1518(F)-4 PN/DP MFP V3.1,icsa-23-348-10;icsa-25-105-08,verifiable-c,https://github.com/openbsd/src.git,autoreconf,False,2023-07-20,"The PKCS#11 feature in ssh-agent in OpenSSH before 9.3p2 has an insufficiently trustworthy search path, leading to remote code execution if an agent is forwarded to an attacker-controlled system. (Code in /usr/lib is not necessarily safe for loading into ssh-agent.) NOTE: this issue exists because o"
CVE-2023-38545,libcurl,C/C++,CWE-787,8.8,high,False,0.78483,device-attributed,EWS/APM/Software;Network;PLC/Controller;SCADA;Sensor/Field/RFID/RTLS,Rockwell Automation;Siemens,Automation FactoryTalk Activation;Desigo CC Product Family and SENTRON Powermanager;RUGGEDCOM APE1808;SIMATIC RTLS Locating Manager;SIMATIC S7-1500 CPU 1518(F)-4 PN/DP MFP V3.1;SIMATIC S7-1500 CPU Family;SINEC NMS,icsa-23-348-10;icsa-24-004-01;icsa-24-046-15;icsa-24-074-05;icsa-24-137-07;icsa-25-162-05;icsa-26-043-04,verifiable-c,https://github.com/curl/curl.git,autogen,False,2023-10-18,"This flaw makes curl overflow a heap based buffer in the SOCKS5 proxy
handshake.

When curl is asked to pass along the host name to the SOCKS5 proxy to allow
that to resolve the address instead of it getting done by curl itself, the
maximum length that host name can be is 255 bytes.

If the host nam"
CVE-2023-44487,tomcat,Java,CWE-400,7.5,high,True,0.99999,device-attributed,Network;PLC/Controller;SCADA,Schneider Electric;Siemens,EcoStruxure Power Operation (Update A);RUGGEDCOM APE1808;SIMATIC S7-1500 CPU 1518(F)-4 PN/DP MFP V3.1;SIMATIC S7-1500 CPU Family;SINEC INS;SINEC NMS;ST7 ScadaConnect,icsa-23-348-10;icsa-24-074-05;icsa-24-165-04;icsa-24-228-06;icsa-24-319-08;icsa-25-162-05;icsa-25-203-04,blocked-scope,,,False,2023-10-10,"The HTTP/2 protocol allows a denial of service (server resource consumption) because request cancellation can reset many streams quickly, as exploited in the wild in August through October 2023."
CVE-2023-45322,libxml2,C/C++,CWE-416,6.5,medium,False,0.00826,device-attributed,PLC/Controller,Siemens,SIMATIC S7-1500 CPU 1518(F)-4 PN/DP MFP V3.1,icsa-23-348-10,verifiable-c,https://github.com/GNOME/libxml2.git,autogen,False,2023-10-06,"libxml2 through 2.11.5 has a use-after-free that can only occur after a certain memory allocation fails. This occurs in xmlUnlinkNode in tree.c. NOTE: the vendor's position is ""I don't think these issues are critical enough to warrant a CVE ID ... because an attacker typically can't control when mem"
CVE-2023-46218,libcurl,C/C++,CWE-20,6.5,medium,False,0.01685,device-attributed,Network;PLC/Controller;Sensor/Field/RFID/RTLS,Siemens,SIMATIC RTLS Locating Manager;SIMATIC S7-1500 CPU Family;SINEC NMS,icsa-24-137-07;icsa-24-319-04;icsa-25-162-05,verifiable-c,https://github.com/curl/curl.git,autogen,False,2023-12-07,"This flaw allows a malicious HTTP server to set ""super cookies"" in curl that
are then passed back to more origins than what is otherwise allowed or
possible. This allows a site to set cookies that then would get sent to
different and unrelated sites and domains.

It could do this by exploiting a mix"
CVE-2023-46850,openvpn,C/C++,CWE-416,9.8,critical,False,0.01999,device-attributed,Network,Siemens,SINEMA,icsa-24-256-10,verifiable-c,https://github.com/OpenVPN/openvpn.git,autoreconf,False,2023-11-11,"Use after free in OpenVPN version 2.6.0 to 2.6.6 may lead to undefined behavoir, leaking memory buffers or remote execution when sending network buffers to a remote peer."
CVE-2023-48795,openssh,C/C++,CWE-354,5.9,medium,False,0.93305,device-attributed,Network;PLC/Controller,ABB;Siemens,M2M Gateway;RUGGEDCOM APE 1808;RUGGEDCOM APE1808;SCALANCE W700;SIMATIC S7-1500 CPU Family;SINEC INS,icsa-24-102-04;icsa-24-193-11;icsa-24-319-08;icsa-25-044-09;icsa-25-105-08;icsa-25-162-05,verifiable-c,https://github.com/TeraTermProject/teraterm.git,autoreconf,False,2023-12-18,"The SSH transport protocol with certain OpenSSH extensions, found in OpenSSH before 9.6 and other products, allows remote attackers to bypass integrity checks such that some packets are omitted (from the extension negotiation message), and a client and server may consequently end up with a connectio"
CVE-2023-4911,glibc,C/C++,CWE-121,7.8,high,True,0.81422,device-attributed,PLC/Controller,Siemens,SIMATIC S7-1500 CPU 1518(F)-4 PN/DP MFP V3.1;SIMATIC S7-1500 CPU Family,icsa-23-348-10;icsa-25-162-05,verifiable-c,https://sourceware.org/git/glibc.git,glibc,False,2023-10-03,A buffer overflow was discovered in the GNU C Library's dynamic loader ld.so while processing the GLIBC_TUNABLES environment variable. This issue could allow a local attacker to use maliciously crafted GLIBC_TUNABLES environment variables when launching binaries with SUID permission to execute code 
CVE-2023-52425,expat,C/C++,CWE-400,7.5,high,False,0.01815,device-attributed,Network,Siemens,SINEC NMS,icsa-24-228-06,verifiable-c,https://github.com/libexpat/libexpat.git,cmake,False,2024-02-04,libexpat through 2.5.0 allows a denial of service (resource consumption) because many full reparsings are required in the case of a large token for which multiple buffer fills are needed.
CVE-2023-7104,sqlite,C (SQL engine),CWE-122,5.5,medium,False,0.01249,device-attributed,EWS/APM/Software;Network,ABB;Siemens,B&amp;R Automation Studio;RUGGEDCOM CROSSBOW;SIDIS Prime;SINEC INS,icsa-24-319-01;icsa-24-319-08;icsa-25-100-02;icsa-26-141-03,verifiable-c,https://github.com/sqlite/sqlite.git,configure_static,False,2023-12-29,A vulnerability was found in SQLite SQLite3 up to 3.43.0 and classified as critical. This issue affects the function sessionReadRecord of the file ext/session/sqlite3session.c of the component make alltest Handler. The manipulation leads to heap-based buffer overflow. It is recommended to apply a pa
CVE-2023-7256,libpcap,C/C++,,,,False,0.00225,device-attributed,Network,Siemens,SINEC OS,icsa-26-043-06,verifiable-c,https://github.com/the-tcpdump-group/libpcap.git,configure_static,False,2024-08-31,"In affected libpcap versions during the setup of a remote packet capture the internal function sock_initaddress() calls getaddrinfo() and possibly freeaddrinfo(), but does not clearly indicate to the caller function whether freeaddrinfo() still remains to be called after the function returns.  This "
CVE-2024-1086,linux-kernel,C/C++,CWE-416,,,True,0.28058,device-attributed,Network,Siemens,SINEC OS,icsa-25-226-15,blocked-scope,,,False,2024-01-31,"A use-after-free vulnerability in the Linux kernel's netfilter: nf_tables component can be exploited to achieve local privilege escalation.



The nft_verdict_init() function allows positive values as drop error within the hook verdict, and hence the nf_hook_slow() function can cause a double free v"
CVE-2024-2379,libcurl,C/C++,CWE-295,4.3,medium,False,0.01709,device-attributed,Network,Siemens,SINEC NMS;SINEMA,icsa-24-256-10;icsa-24-319-04,verifiable-c,https://github.com/curl/curl.git,autogen,False,2024-03-27,"libcurl skips the certificate verification for a QUIC connection under certain conditions, when built to use wolfSSL. If told to use an unknown/bad cipher or curve, the error path accidentally skips the verification and returns OK, thus ignoring any certificate problems."
CVE-2024-2961,glibc,C/C++,CWE-787,8.8,high,False,0.8833,device-attributed,PLC/Controller,Siemens,SIMATIC S7-1500 CPU Family,icsa-25-162-05,verifiable-c,https://sourceware.org/git/glibc.git,glibc,False,2024-04-17,"The iconv() function in the GNU C Library versions 2.39 and older may overflow the output buffer passed to it by up to 4 bytes when converting strings to the ISO-2022-CN-EXT character set, which may be used to crash an application or overwrite a neighbouring variable."
CVE-2024-6387,openssh,C/C++,CWE-362,8.1,high,False,0.99506,device-attributed,Network;PLC/Controller,ABB;Siemens,Arctic Wireless Gateways;Industrial Products;SIMATIC S7-1500 CPU Family,icsa-24-256-15;icsa-25-100-09;icsa-25-162-05,verifiable-c,https://github.com/openssh/openssh-portable.git,autoreconf,False,2024-07-01,"A security regression (CVE-2006-5051) was discovered in OpenSSH's server (sshd). There is a race condition which can lead sshd to handle some signals in an unsafe manner. An unauthenticated, remote attacker may be able to trigger it by failing to authenticate within a set time period."
